id,snippet.title,snippet.description,snippet.publishedAt,snippet.thumbnails.high.url,snippet.country,contentDetails.relatedPlaylists.uploads,topicDetails.topicCategories
UCxIn6j4tH1dVnqLd1WFvFNA,Abebe Belew,ADDIS DIMTS Multimedia,2012-08-23T23:11:19Z,https://yt3.ggpht.com/ytc/AL5GRJWC_yh_yH7PvFZLOwHrZUONse5BQM4QHw7Bw43q9A=s800-c-k-c0x00ffffff-no-rj,US,UUxIn6j4tH1dVnqLd1WFvFNA,['https://en.wikipedia.org/wiki/Society']
UC-kDmfnktrzc_SGpS9ulrXw,Adebabay Media,"አደባባይ ሚዲያ በዩ.ኤስ አሜሪካ በቴክሳስ ጠቅላይ ግዛት የተቋቋመ ትርፍ አልባ (nonprofit Media) የሚዲያ ድርጅት ነው። በኢትዮጵያውያን እና በኢትዮጵያውያን-አሜሪካውያን የተቋቋመው አደባባይ ሚዲያ ሚዛናዊና የነጠረ እውነታ (fair, balanced and Fact-checked news and views) ላይ በማቅረብ ላይ የተመሠረተ ነው።",2019-11-14T00:41:33.76558Z,https://yt3.ggpht.com/ytc/AL5GRJXbgolRHIO3O4a6wHtrt93Bl2Htp-n2bWOdtsDt=s800-c-k-c0x00ffffff-no-rj,US,UU-kDmfnktrzc_SGpS9ulrXw,"['https://en.wikipedia.org/wiki/Society', 'https://en.wikipedia.org/wiki/Religion']"
UCUyDe7EvbwwDRjyjUFU5Zhw,Alpha Media አልፋ ሚዲያ,,2022-01-03T13:41:52.318843Z,https://yt3.ggpht.com/9Ax2jQcjOrCWX5sb_6Ilhn2onJKtjwteKVMpNrKG7lK0OsdRTIJpUc21IXT3q1WXnFHq5Gi1Ig=s800-c-k-c0x00ffffff-no-rj,US,UUUyDe7EvbwwDRjyjUFU5Zhw,['https://en.wikipedia.org/wiki/Society']
UCgIxJwBNuGzDKrBaZhATDug,"Anchor Ethiopia ",,2022-10-16T04:41:28.299163Z,https://yt3.ggpht.com/9TZY4FYn1bmRSBuQ6iPN3hC-bDSlLKHWnl30ot8NZfJHHqX3n0IW4RCgCAoKXfLJosIUAqJEHw=s800-c-k-c0x00ffffff-no-rj,US,UUgIxJwBNuGzDKrBaZhATDug,['https://en.wikipedia.org/wiki/Society']
UCwMHDoJO6cHO6LN1BItFsPQ,Andafta,"Andafta Is Ethiopian multi-platform entertainment and media company ,Powered by its own proprietary technology. Andafta is the go-to source for tech, digital culture and entertainment content for its dedicated and influential audience around the nation as well for the globe.",2017-07-07T08:46:55Z,https://yt3.ggpht.com/ytc/AL5GRJUBb2pSoFHOgjzlvGr9qix0mrYlHvxp_9CyremO=s800-c-k-c0x00ffffff-no-rj,US,UUwMHDoJO6cHO6LN1BItFsPQ,['https://en.wikipedia.org/wiki/Society']
UCK71ZGx5VYTWw2XQ0F_O0nQ,"Arat Kilo Media አራት ኪሎ ሚዲያ ","Arat Kilo is newly established digital media outlet by the renowned and seasoned Ethiopian journalists. It's a hub for News, Analysis and Interviews.

Issues about current affairs, Politics and others in and around Ethiopia, Africa and the World will be addressed in detail.

Be subscribed, updated and informed with us.



#aratkilo
#aratkilomedia

",2021-09-14T20:20:04.908474Z,https://yt3.ggpht.com/an46eXgY7QpJ5XDz5nAGJ5MqvNkzi4a9c4bS9o8bOMF9GuMAoQ2ClegReBNW6x2-tVeTMJNZ=s800-c-k-c0x00ffffff-no-rj,US,UUK71ZGx5VYTWw2XQ0F_O0nQ,['https://en.wikipedia.org/wiki/Society']
UCPmgFzP2ZPmdGjHxXjigJaw,Ashara Media - አሻራ ሚዲያ,,2022-05-11T13:20:06.187435Z,https://yt3.ggpht.com/C1Cwzi-rhKsg17sJakFGdCuLmqCbWZX-w7v6rqPjuXW5KiqS98Uk2QFmKbHeLatUJS7mIX9VdQ=s800-c-k-c0x00ffffff-no-rj,US,UUPmgFzP2ZPmdGjHxXjigJaw,['https://en.wikipedia.org/wiki/Society']
UCCJbY4YdJIUk7Lygrkg5IRA,EMS (Ethiopian Media Services),"Ethiopian Media Services is publicly funded satellite television station broadcasting 24 hours of news, analysis, and entertainment programs to wider Ethiopian audience across the globe. Ethiopia, a country with a population of close to 120 million people,  Ethiopian Media Services will continue its relentless efforts to produce and broadcast quality programs covering a wide range of issues to its viewers/listeners in Ethiopia and globe.

",2022-02-22T03:19:46.03134Z,https://yt3.ggpht.com/1NMt4K6HoytqQv7k_s7Qd1kk7BhFQlHPJHgnomcY5Gj0PFzqLDUWHWMA5XZt_w25b6ExqGAGSg=s800-c-k-c0x00ffffff-no-rj,US,UUCJbY4YdJIUk7Lygrkg5IRA,['https://en.wikipedia.org/wiki/Society']
UCSYM-vgRrMYsZbG-Z7Kz0Pw,ESATtv Ethiopia,"Ethiopian Satellite Television and Radio is the first publicly funded satellite television station broadcasting 24 hours of news, analysis, and entertainment programs to wider Ethiopian audience across the glob. Ethiopia, a country with a population of close to 110 million people,
ESAT will continue its relentless efforts to produce and broadcast quality programs covering a wide range of issues to its listeners in Ethiopia and glob.
",2018-05-10T17:30:16Z,https://yt3.ggpht.com/Ff0EF5MsYPY0mJHmpfU_zmjcS4AV6MZSy23Nmee2eVsCkBRFXm45ldc9vXlRWL5hRSHbp5kW=s800-c-k-c0x00ffffff-no-rj,US,UUSYM-vgRrMYsZbG-Z7Kz0Pw,['https://en.wikipedia.org/wiki/Society']
UCUOJQ0kAEqms79eY37hH-Jg,"ETHIO 251 MEDIA ","#ተጨማሪ_መረጃዎችን_ከኢትዮ_251_የተለያዩ_የመረጃ_መረቦች_ያግኙ_እንዲሁም_ሀሳብና_አስተያየታሁን_በጽሁፍ_መልዕክት_ያድርሱን

ተጨማሪ መረጃዎችን ከኢትዮ 251 የተለያዩ የመረጃ መረቦች ያግኙ እንዲሁም ሀሳብና አስተያየታሁን በጽሁፍ መልዕክት ያድርሱን :-
በፌስቡክ https: https://www.facebook.com/ethio251
በቴሌግራም https://t.me/ethio251media
ዩቱዩብ https://youtube.com/c/ETHIO251MEDIA


እናመሰግናለን

https://www.youtube.com/channel/UCN300jmMg6DsO2wECkleq0w
ETHIO 251 MEDIA is an independent media offering you News, Political Analysis and Information feeds from Addis Ababa, Ethiopia.

Enjoy our wide collection of Ethiopian, African and worldwide News and more contents by subscribing to our channel.
",2021-01-17T15:07:48.315237Z,https://yt3.ggpht.com/RZpmh--2mLaZIgJzk_Gcw9giYNS6eV8XNfXxzJ9sjNoanEaooswCL8skHcEeIF9zivledwW9Bw=s800-c-k-c0x00ffffff-no-rj,KE,UUUOJQ0kAEqms79eY37hH-Jg,['https://en.wikipedia.org/wiki/Society']
UCvr6jA3WYOhXFUD2LKpqhQw,Ethio 360 Media,,2019-06-04T17:59:54Z,https://yt3.ggpht.com/ytc/AL5GRJXBAnHQ2Wuqg2hUOM-P-jMRFtA2Wg_Cl4VI2lqA=s800-c-k-c0x00ffffff-no-rj,US,UUvr6jA3WYOhXFUD2LKpqhQw,"['https://en.wikipedia.org/wiki/Society', 'https://en.wikipedia.org/wiki/Religion']"
UCelbYFUaQW3eb9sg3004ZGw,Ethio News - ኢትዮ ኒውስ,"Ethio News provides news, news analysis, opinions on current affairs, produces documentaries, among others, on range of issues in Ethiopia and the Horn of Africa.",2020-11-13T11:38:22.416086Z,https://yt3.ggpht.com/ytc/AL5GRJUm17PVd3RXWmj-t2OPQ_S3ROSJJRvqtxAtPeLd=s800-c-k-c0x00ffffff-no-rj,US,UUelbYFUaQW3eb9sg3004ZGw,['https://en.wikipedia.org/wiki/Society']
UCgBnBckSLo6-uAiejtnEycQ,Feta Daily News,"Welcome to Feta Daily
Feta Daily is Ethiopian Entertainment Media. update our channel on a daily basis.
We have the desire to work with you.
let's Work together contact, business Feta Daily → https://www.facebook.com/FetaTube/
",2019-08-19T06:20:18Z,https://yt3.ggpht.com/51klI8XZZnN6_o_RBOy2nB0YcUWqMtr-nAE7aCbwH0VPzNh-EoInp2iadQA-WTg7pxe5BXp2=s800-c-k-c0x00ffffff-no-rj,,UUgBnBckSLo6-uAiejtnEycQ,['https://en.wikipedia.org/wiki/Society']
UCb9fEB6StrknyRiSSzQ7H0A,GEBEYANU,"GEBEYANU is popular for its highly professional and influential TV and
Radio programs. Its involvement began even before it is officially
renamed as GEBEYANU. It started with the name Solomon Shumiye to
be the first private program producer on ETV since 1992 E.C.
GEBEYANU and/or Solomon Shumiye have been familiar brands of the
media business for more than 19 years. Backed by creative talent and
higher education, GEBEYANU’s effort significantly influenced the
industry and now replicating of its content and/or format has become
common experience. The following are among the major productions
that have been transmitted on the national broadcaster, EBC and
Nahoo TV.",2018-09-29T09:13:46Z,https://yt3.ggpht.com/ytc/AL5GRJXSDW1PlJK636bMPer051_khjKbs4lQIdbLlc69=s800-c-k-c0x00ffffff-no-rj,US,UUb9fEB6StrknyRiSSzQ7H0A,['https://en.wikipedia.org/wiki/Society']
UC89uyLj0Zw2VUsTRwlbEc-A,MENELIK TELEVISION 2,"We Broadcast News, Political analysis, Entertainment and Sports from all over the world.",2021-12-01T00:17:31.945982Z,https://yt3.ggpht.com/x0T4SGNlEjaLRI_mz_gxPMRqqeS_YARC6eF2pbf7Gtetwi9Veq3k_NtObJ3W_8d4Px_UM52fUvs=s800-c-k-c0x00ffffff-no-rj,US,UU89uyLj0Zw2VUsTRwlbEc-A,"['https://en.wikipedia.org/wiki/Television_program', 'https://en.wikipedia.org/wiki/Society']"
UC-jwtt0RVJPNidr2Ja1_7yQ,MENELIK TELEVISION 3,News and Entertainment channel,2023-01-31T23:05:23.76072Z,https://yt3.ggpht.com/uyXZzIxmeAyXpAbqTuoT9JaFuCjTertF0CfdgfLb8CJF7pQqeGIupelZSVkmuimluxBZEGJE=s800-c-k-c0x00ffffff-no-rj,US,UU-jwtt0RVJPNidr2Ja1_7yQ,
UCilWrw2C8_VkFZ2tE5eKpdQ,"Mager Media - ማገር ","እኛው ነን!!
ታሪክ መርምረው፣ ሃሳብ አንጥረው መላ የሚፈጥሩ፣ የእውነትን መንገድ የሚያበሩና የሚመሩ ሊቆቻችንን፤ ግዙፍ አርቅቀው ረቂቅ አግዝፈው የሚያሳዩ ምናባውያን ጠቢቦቻችንን ይዘንና በዘመናዊ የመገናኛ መሳሪያዎች ታግዘን ህዝባችንን በሃሳብ በማገናኘት የወደፊት እድሉን የሚቆጣጠርበትን ማማ የምናቆምለት እኛው ነን!",2020-12-12T05:48:39.995607Z,https://yt3.ggpht.com/x-8TcT6BI_0HsFbD6txmKYKCKu-3VORWz9AsF3-B9CpCdPunQ5atgzK7tMGmq7YZJwmSgJwFvw=s800-c-k-c0x00ffffff-no-rj,US,UUilWrw2C8_VkFZ2tE5eKpdQ,['https://en.wikipedia.org/wiki/Society']
UCZvMKrP8XmP9GAHMloucOaA,Mengizem Media ምንጊዜም ሚዲያ,"Mengizem media is a media that focuses on Ethiopian political,economic and social issues.",2012-02-08T02:13:27Z,https://yt3.ggpht.com/VMNGvLodTijhEB9Q3EUfrDIPQUVNx2OqzphIWURRoomqZFUhNVM3ltickzSwnn9QXuunC9MSIg=s800-c-k-c0x00ffffff-no-rj,US,UUZvMKrP8XmP9GAHMloucOaA,"['https://en.wikipedia.org/wiki/Society', 'https://en.wikipedia.org/wiki/Religion']"
UCmAnzjcjIgtWuE6AnBCViTg,OMN,"OMN is an independent, nonpartisan and nonprofit news enterprise whose mission is to produce original and citizen-driven reporting on Oromo and Oromia. For more information visit out website at http://www.oromiamedia.org
",2014-01-19T08:11:25Z,https://yt3.ggpht.com/ytc/AL5GRJWYVsXt6uaiAspP2E5sCjD6mc1NGSsITmwud_rTkA=s800-c-k-c0x00ffffff-no-rj,US,UUmAnzjcjIgtWuE6AnBCViTg,"['https://en.wikipedia.org/wiki/Society', 'https://en.wikipedia.org/wiki/Religion']"
UCPVr1rrKl8pXVFi-rrqzS1g,Reyot,ርዕዮት የኢትዮጲያና ኢትዮጲያዊነትን ሁለንተና የሚቃኝ፣ የሀገርንና የህዝብን ጉዳዮች በብዙ መንገዶች ተደራሽ የሚያደርግ፣ በርካታ ዝግጅቶችና አቀራረቦች ያሉት የሚድያ ተቋም ነው፡፡  Reyot Media expounds on everything Ethiopian across multiple platforms and formats that our audience find wherever they are.,2014-08-06T19:51:23Z,https://yt3.ggpht.com/ytc/AL5GRJX0OPf7hIXeAS7wYpZeJTaLT59P3HSmn5V7pj8I2Q=s800-c-k-c0x00ffffff-no-rj,US,UUPVr1rrKl8pXVFi-rrqzS1g,['https://en.wikipedia.org/wiki/Society']
UCDXU7RuIQc0xRKJyP0ZTZaQ,"Roha ","ሮሐ ቴቪ-የሀገሬው
ውድ የሮሐ ቴሌቪዥን ወዳጆች በዩቲዩብ ቻናላችን የሮሐ ብቻ የሆኑ ዕለታዊ ዜናዎች፤ የፖለቲካ  ትንታኔ ዝግጅት በየቀኑ፤ የትም ያልተሰሙ የህዝብ ድምጾችንና ወቅታዊ ልዩ ልዩ ማህበረሰብ ተኮር የመዝናኛ ዝግጅቶችን መከታተል ከእናንተ ከቤተሰቦቻችን የሚጠበቅ ነው፡፡ ‹‹ሮሐ ቴሌቪዥን የሀገሬው ነው›› ስንል የሮሐ ስራዎች ሁሉ በሀገሬነት የሚመዝኑና ባለቤታቸውም ሀገሬ የሆነው ኢትዮጵያዊ ሁሉ መሆኑን ለማሳወቅ ነው፡፡ አብዝታችሁ እንድትወዳጁንና እንድታበረታቱን እንጋብዛችኋለን፡፡
ሮሐ ቴቪ-የሀገሬው
",2021-09-14T05:03:11.81522Z,https://yt3.ggpht.com/C2X3UeNwxVI2Uc0i25PPESICqsz2sAdAjM4431u2gyiZvMCVeCwrMZcvKDYAjnCQDEWsqrU=s800-c-k-c0x00ffffff-no-rj,US,UUDXU7RuIQc0xRKJyP0ZTZaQ,['https://en.wikipedia.org/wiki/Society']
UC_f89AbX5NPU77YaoaSKRSg,Terara Network,"We were founded on September 26, 2020 by vetran Ethiopian journalist Tamerat Negera Feyisa as a platform for exploring, defining & promoting Ethiopianist ideas through quality web based journalism & commentary. Terara aspires to discuss issues in Politics, Economics, Education, Arts & Letters of Ethiopia & the greater horn. The seed money to start Terara was raised by Tamerat’s friend, Tariku Geleta through crowd funding campaign on December 8, 2019 that enabled Tamerat’s fans around the world to be connected for a common cause of founding an Ethiopianist media in the public sphere. ",2020-09-26T06:58:30.652446Z,https://yt3.ggpht.com/ytc/AL5GRJUCBhDWmPVRixmOKBOp_At3s6pJsak1oypFa6rW=s800-c-k-c0x00ffffff-no-rj,US,UU_f89AbX5NPU77YaoaSKRSg,['https://en.wikipedia.org/wiki/Society']
UCBvvcSYeDriczyImdI1qZWw,Tigrai Media House,"TMH’s mission is to enrich the lives of Tigray people by providing captivating media through nonpartisan journalism. TMH will promote community dialogue through exchanging information across different social, cultural, geographical, regional, and ideological boundaries. This dialogue will assist in TMH’s endeavor to enhance tolerance, social integration, and mutual coexistence among all east African people. ",2018-09-02T14:01:50Z,https://yt3.ggpht.com/ii707AKK1ru4nB2vuUM_qEEmc9z5sKzdTnbJkyVVFZmTjaTMQn2JUA1KxP8_cx8QpcKFm-eZbgk=s800-c-k-c0x00ffffff-no-rj,US,UUBvvcSYeDriczyImdI1qZWw,['https://en.wikipedia.org/wiki/Society']
UCJ61rOk0c0b0COn0qOOo1aQ,Zara Media Network - ዛራ,"We serve with integrity and professionalism for justice, equality, freedom, and quality of life.",2021-10-08T03:12:24.953742Z,https://yt3.ggpht.com/W3opC9156HIX2xIJi53MkaX_MRO1yyd-_PSRUgummTnRERwA_qO3HoZoi_d1qJ1gNUj19p8ZKg=s800-c-k-c0x00ffffff-no-rj,US,UUJ61rOk0c0b0COn0qOOo1aQ,['https://en.wikipedia.org/wiki/Society']
UC_XC7iYg8vNHLepidyRGjHw,Zemedkun Bekele Podcast,"Hey there dear viewers,Thanks for taking your time to visit my channel .This is |zemedkun Bekele ነጭ ነጯን| and I am here for one reason To be the voice of the people who were wronged, oppressed, pushed, killed by violence, displaced by violence, imprisoned by violence, whose property was burned by violence,so please LIKE , SUBSCRIBE and SHARE and become a family of the channel.
ATTENTION: NO ROOM
                       FOR
                       RACISM!",2022-12-04T18:43:39.324011Z,https://yt3.ggpht.com/vMebr3x8frjo0rt8Eio85tzBMxVhRsBlW6fzGPq1NdA3LyN66sNrzAw0shtWCDPeuyMKXIiq9w=s800-c-k-c0x00ffffff-no-rj,US,UU_XC7iYg8vNHLepidyRGjHw,['https://en.wikipedia.org/wiki/Society']
UCoVL5YOr2KdnYNspQf3s5uw,ኢትዮ ሰላም  Ethio Selam,"ስለ ሰላም እናወራለን!!!
ስለ ሰላም እንወያያለን!!!
ስለ ሰላም እንሞግታለን!!!

ኢትዮ-ሰላም በኢትዮጵያ ውስጥ አውንታዊ ሰላም ሰፍኖ ማየትን የሚፈልግ፤ የአገራችንን ማህበረ-ኢኮኖሚያዊና ፖለቲካዊ ጉዳዮች ከተለያዩ እይታዎች አንፃር የሚተነተኑበትና አውንታዊ ሰላምንና መረጋጋትን ሊያሰፍኑና ሊያመጡ የሚችሉ አማራጭ ሀሳቦች የሚቀርቡበት ነፃና ገለልተኛ ሚዲያ ነው።

ይህን እንቅስቃሴ ማበረታታትና በአገራችን አውንታዊ ሰላም ሰፍኖ ማየት የምትናፍቁ ሁሉ ሚዲያችንን ሰብስክራይብ በማድረግ ቤተሰብ እንዲሆኑንና በሚችሉት ሁሉ እንዲያግዙን ጥሪ እናደርጋለን።

Ethio-Selam is a free and independent media that seeks to analyze the socio-economic and political issues of our country from different perspectives and offers alternative ideas that can bring about positive peace and stability in our country Ethiopia.

We encourage all those who want to help for this movement and yearn to see the positive peace in our country to subscribe to our media and become a family and help us in any way you can.
",2022-06-30T08:28:53.278299Z,https://yt3.ggpht.com/9a4P82nlKbGBmGHr6TpUB_smZLfqvNIK6cGTtNXrHDPBRqeINFbmm_SFcsBdMB4Txew4F91-IA=s800-c-k-c0x00ffffff-no-rj,US,UUoVL5YOr2KdnYNspQf3s5uw,"['https://en.wikipedia.org/wiki/Religion', 'https://en.wikipedia.org/wiki/Society']"
UC6bam4pQbuUgXnmyEFlSpNA,ዓባይ ዜና - Abbay News,,2007-09-21T22:51:08Z,https://yt3.ggpht.com/Rzden2LAy5mGQsY4WRtIU_8uTV-9OgnFbrEF5lvt5KKzsqmvvFKNXt4iJX4zHffvdDdTHXwzuw=s800-c-k-c0x00ffffff-no-rj,US,UU6bam4pQbuUgXnmyEFlSpNA,['https://en.wikipedia.org/wiki/Society']
UCCk2vUhB0SyQhA6JXyjXHEg,EthioTube,"Official YouTube Channel of EthioTube.

Current events, breaking news, entertainment, exclusive interviews and much more for all things Ethiopia.
",2008-03-30T22:10:53Z,https://yt3.ggpht.com/ytc/AL5GRJXE0GXWwXOQQv-1bf1K9EzIOyZi5CGizFr5JjN3=s800-c-k-c0x00ffffff-no-rj,US,UUCk2vUhB0SyQhA6JXyjXHEg,['https://en.wikipedia.org/wiki/Society']
UCwUJ_Zli745ZoImP4IljpYg,Addis Compass Media / ACM / አዲስ  ኮምፓስ  ሚዲያ,"አዲስ ኮምፓስ ሚዲያ የ24 ሰአታት ዜና፣ ትንታኔ እና የተለያዩ ፕሮግራሞችን በአለም ዙሪያ ላሉ ሰፊ ኢትዮጵያዊያን ተመልካቾች የሚያሰራጭ የግል ሚዲያ ነው።

Addis Compass Media (ACM) is a private media that broadcasts 24-hour news, analysis, and various programs to a wide Ethiopian audience around the world.

",2023-04-12T04:19:33.885512Z,https://yt3.ggpht.com/YR-u3c8VfK_2R4PbeY1DFts18NDVg3Ze4Sf6WMh7qfIT795YG8bAg4V-Sj1la8Gfx36DtVPNAw=s800-c-k-c0x00ffffff-no-rj,US,UUwUJ_Zli745ZoImP4IljpYg,
UCR5PjNJhq08G4b9_qbeNmCQ,Ethio 360 TV,"Ethio 360 news and entertainment: Habtamu Ayalew, Eyerusalem Tekletsadik, Minalachew Simachew, Biruk Yibas",2021-12-16T20:49:19.547219Z,https://yt3.ggpht.com/1oo9OOiIlSrTkRymokWTfZ8wRVEUihX0Z3mV215nQOZKLW0f32nb9ZAPSf_9R_MeVWnfE7AU=s800-c-k-c0x00ffffff-no-rj,US,UUR5PjNJhq08G4b9_qbeNmCQ,['https://en.wikipedia.org/wiki/Society']
UC4yEV6VBe0Emu8sMpyij0uQ,AddisWalta - AW,,2019-08-14T10:07:47Z,https://yt3.ggpht.com/4bnS3FmLSNT2PKpJIyNJGI-vgawDRGeisRuF3SGYJuLnWfUcN9B4AoHuhdNaoFOSriKRM-ZT-Q=s800-c-k-c0x00ffffff-no-rj,KE,UU4yEV6VBe0Emu8sMpyij0uQ,['https://en.wikipedia.org/wiki/Society']
UCOhrz3uRCOHmK6ueUstw7_Q,EBC,"

 EBC (Ethiopian Broadcasting Corporation)  is a 24 hour working public media.
Ethiopian Broadcasting Corporation is a national media which disseminates its news and programs world wide via Television,Radio and Internet.
",2016-01-01T08:33:11Z,https://yt3.ggpht.com/0tddIuLzdXc0jyUkmQUy4HcGJbUAfXbnP7L-46MgSDM9Z85VopE6qgZFDIBFkTTsV1XaXRQtRw=s800-c-k-c0x00ffffff-no-rj,US,UUOhrz3uRCOHmK6ueUstw7_Q,['https://en.wikipedia.org/wiki/Society']
UCuJQBlbbVB-3pZKLDxDI4HA,EVN for Ethiopia,"Welcome to Ethio Voice Network (EVN)- Your hub of information focusing on Ethiopia and the Horn of Africa.

EVN has a clear vision – to empower our audience with reliable and timely information. We are dedicated to delivering up-to-date, accurate, balanced, and objective news to keep you informed and engaged.

Our unwavering commitment to truth is reflected in our motto: “In Truth We Trust.” As a frontline media platform, you can rely on EVN to provide trustworthy and credible news, analysis, and views. Our mission is to be your go-to source of news and information on Ethiopia. Join us on this journey as we strive to become the foremost destination for insightful and comprehensive coverage.

At EVN, we value your voice and actively encourage your participation. We believe that diverse perspectives, expertise, and tips enrich our platform and contribute to a vibrant and informed community.
",2023-08-12T14:51:25.71992Z,https://yt3.ggpht.com/oBk_BdBmYo52WmJAxKCEFWlHisqCSMiEkSMkd1TdxokWlK8NHl74eGrND0VbvxaQxfoMdTtafp4=s800-c-k-c0x00ffffff-no-rj,US,UUuJQBlbbVB-3pZKLDxDI4HA,"['https://en.wikipedia.org/wiki/Society', 'https://en.wikipedia.org/wiki/Religion']"
UCZtXd8pSeqURf5MT2fqE51g,Fana Television,"This is the official Fana Broadcasting Corporate (FBC) YouTube Channel - where you can get all the latest video in Amharic, Afan Oromo, Tigrigna and Arabic. You can follow us on: https://t.me/fanatelevision   https://t.me/afanoromofana https://t.me/tigrignafana",2012-10-08T11:30:29Z,https://yt3.ggpht.com/ytc/AOPolaTqiitTV0G5h3jIYZlrVL1uZYHZVsQpFpdF-Lbq=s800-c-k-c0x00ffffff-no-rj,US,UUZtXd8pSeqURf5MT2fqE51g,['https://en.wikipedia.org/wiki/Society']
UCNgwbT7BCcppLG3zDm9f5UA,Horizon Free Media    ሆራይዝን ነፃ ሚዲያ," ትንቢተ ኢሳይያስ 1:17
   :..መልካም መሥራትን ተማሩ፥ ፍርድን ፈልጉ፥ የተገፋውን አድኑ፥ ለድሀ አደጉ ፍረዱለት ስለ መበለቲቱም ተምዋገቱ።..""
Isaiah 1:17
"" Learn to do right; seek justice and correct the oppressor. Defend the fatherless and plead the case of the widow.""

",2020-12-05T17:02:19.043202Z,https://yt3.ggpht.com/7mz88OZJe4KlFZlQ-IRMj29yLO1J0h9k5JJW8a7cUp3hdGFaDJtwlkHUOTyw4EylpqKi2C-eYZY=s800-c-k-c0x00ffffff-no-rj,US,UUNgwbT7BCcppLG3zDm9f5UA,"['https://en.wikipedia.org/wiki/Religion', 'https://en.wikipedia.org/wiki/Society']"
UCVcc_sbg3AcXLV9vVufJrGg,ebstv worldwide,"EBS TV is a privately held media company established in 2008 in Silver Spring, MD, USA to provide a niche transmission programming that targets the booming Ethiopian market globally. Since its formation EBS has been, and still is, providing its media to subscribers interested to access programming of Ethiopian history, culture lifestyle, sports, entertainment, tourism, and business.
EBS TV aims to promote Ethiopian and other African countries values, cultures and traditions globally. The much-needed information provided by EBS TV would help bridge the cultural divide and narrow the communication gap for Ethiopians residing in North America and around the world. EBS TV also envisions providing programs pertaining to the rich cultural heritage of Ethiopia, its history, tradition, socio-economic development, business, tourism and current affairs.

For More information on the EBS TV
EBS TV / Ethiopian Broadcasting Service

info@ebstv.tv
www.ebstv.tv",2010-11-16T07:03:08Z,https://yt3.ggpht.com/ThfNtArC8xL_3yv6nGCnrJ1jXI2qcF0U3iHUiWKLIwo4Ne9KYrpgdGazKNcuSmsZVqqi9hwG=s800-c-k-c0x00ffffff-no-rj,US,UUVcc_sbg3AcXLV9vVufJrGg,"['https://en.wikipedia.org/wiki/Society', 'https://en.wikipedia.org/wiki/Entertainment', 'https://en.wikipedia.org/wiki/Television_program']"
UCXUFyN9Ys5tiIHgJFQKRJvA,Ethio Forum ኢትዮ ፎረም,"ኢትዮ ፎረም፣በኢትዮጵያ የፖለቲካ፣የኢኮኖሚና የዲፕሎማሲ ጉዳዮች ላይ የሚያተኩር የቴሌቪዥንና የዩቱዩብ ፕሮግራም ነው።

ዓላማው ጋዜጠኝነትን መተግበር ብቻ ነው።ግቡ ድምፅ አልባ የሆኑ ዕውነቶችን ድምፅ እንዲኖራቸው አድርጐ ለሕዝብ ማድረስ ነው። መርሁ ምክንያታዊነት ነው!""",2019-09-06T13:16:59Z,https://yt3.ggpht.com/ytc/AIdro_lEpXE0tKr5vWv_hsaWBIMki6KgaPCu-hQhHHROTQ=s800-c-k-c0x00ffffff-no-rj,ET,UUXUFyN9Ys5tiIHgJFQKRJvA,['https://en.wikipedia.org/wiki/Society']
UC5_7TzCp7YndNhVLo9top9A,ESAN TV,,2023-12-26T02:38:36.125232Z,https://yt3.ggpht.com/Pdp6cF30-oZd1HSOc6GlFf-18cGYRKpQ_Fn5F202i6Zalo8W_AkHPUO1dF60pfRq8jQ1--Xo=s800-c-k-c0x00ffffff-no-rj,UU5_7TzCp7YndNhVLo9top9A,['https://en.wikipedia.org/wiki/Society'],
UCTA1qWa_OFVl7OZ6DrEwRwg,Abc tv,ABC TV (Amhara Broadcasting Center) was established by the Amhara community in 2023 as a registered public media organization in the state of Colorado. Its mission is to support the struggle of the Amhara people in Ethiopia and to expose the atrocities and genocide committed by the regime.,2024-06-20T05:18:21.04392Z,https://yt3.ggpht.com/4n21V1-sPtWZ8QmO7hAZFK8-lJ56UTryYcs71z84mYlrk0S1gyGdAUI-PWZsjFkk_EEZGhGHRA=s800-c-k-c0x00ffffff-no-rj,US,UUTA1qWa_OFVl7OZ6DrEwRwg,"['https://en.wikipedia.org/wiki/Entertainment', 'https://en.wikipedia.org/wiki/Society', 'https://en.wikipedia.org/wiki/Television_program']"
UC3-RNH75BEZslJLEoIAxa2A,DW Amharic,"ስለ ኢትዮጵያ እና መላው ዓለም በየቀኑ ከመሀል አውሮጳ የምናስተላልፈውን የዕለቱን ዋና ዋና ዜና ለማድመጥ አለያም ለመመልከት ይከተሉን ። ዶይቸ ቬለ (DW) በዓለም የሚከሰቱ የሰበር ዜና መረጃዎችን ከስር መሰረታቸው በጥልቀት በመፈተሽ ያቀርባል ። ተመልካቾቻችን ጉዳዬ የሚሏቸውን ርእሰ ጉዳዮች ወኪሎቻችን ከቦታው ዝርዝር ትንታኔ በመሥራት ያቀርባሉ ። ዶይቸ ቬለ በ30 ቋንቋዎች የሚያሰራጭ የጀርመን ዓለም አቀፍ ጣቢያ ነው ። በኢትዮጵያ፤ በአፍሪቃ እና መላው ዓለም የሚከሰቱ ማኅበራዊ፤ ፖለቲካዊ እና ኤኮኖሚያዊ መረጃዎችን የጀርመን እና የሌሎች ምልከታዎችን በማሰናሰል በገለልተኛነት እንዘግባለን ። በአፍሪቃ ቀንድ፦ በኤርትራ፣ ሶማሊያ፣ ሱዳን፣ ጅቡቲ  የሚከሰቱ ጉዳዮችን እንዘግባለን ።

ዶይቸቬለ በተለያዩ ሰዎች እና ባሕሎች መካከል ያሉ ልዩነቶች ግንዛቤ እንዲያገኙ አበረታታለሁ ብሎ ተስፋ ያደርጋል ። በጀርመን መንግሥት የገንዘብ ድጋፍ ቢያገኝም የዶይቸ ቬለ ሥራ ቁጥጥር የሚደረግበት በዶይቸ ቬለ ደንብ ነው ። ያ ማለት ዘገባዎቻችን ምንጊዜም ከመንግሥት ጫና ነጻ ናቸው ። እዚህ የምትሰጧቸው አስተያየቶችን እና የምታደርጓቸው ውይይቶች ንጹሕ እና በመከባበር ላይ የተመሠረቱ እንዲሆኑ በትህትና እንጠይቃለን ። ለተጨማሪ መረጃ ከታች የሚገኘውን የዶይቸ ቬለ የሥነ-ምግባር ደንብ (Netiquette) መመልከት ትችላላችሁ ።
",2021-05-25T15:04:27.452386Z,https://yt3.ggpht.com/f0_AswquPDP3Yhv6lrmB-XYk_OtlPQXyAUaXrIbeWOTGLi5AxMjPs5vlaKOayOXQr2smhE75Rg=s800-c-k-c0x00ffffff-no-rj,DE,UU3-RNH75BEZslJLEoIAxa2A,['https://en.wikipedia.org/wiki/Society']
UC_m5g0TeOmYTPb535BLWd9Q,Ethio News_ኢትዮ ኒውስ ቻናል 2,"The Channel provides News,News analysis,opinions on the current affairs of Ethiopia and Global ,informing,entertaining..!!",2023-11-30T13:43:49.225566Z,https://yt3.ggpht.com/ShWRFzV6VD8cKYU2ZxgLTC0A0L0HR7W5aPXG7LMFSrIyWQbjX0CdaGRgBgxFHKPAPJcj8jX8TA=s800-c-k-c0x00ffffff-no-rj,US,UU_m5g0TeOmYTPb535BLWd9Q,['https://en.wikipedia.org/wiki/Society']
UC5OePohJjdkd0Uwm3r1cThA,VOA Amharic,"ቪኦኤ-አማርኛ በዲጂታል፣ በራዲዮና በቴሌቪዥን ዜናና ዘገባዎችን ለአድማጭና ለተመልካች ያቀርባል።

ከመቶ አሥር ሚሊየን በላይ የሚገመት ህዝብ ያላት ኢትዮጵያ የመንግሥት የሥራ ቋንቋ አማርኛ ነው።  ቪኦኤ አማርኛን ከአዋቂው ህዝብ አንድ አምስተኛ የሚሆነው  እንደሚያዳምጥ በቅርቡ የተካሄዱ ቅኝቶች አሳይተዋል። ይህ የአድማጭ ቁጥር ቪኦኤ ከሚያሠራጭባቸው ማንኛውቸም ቋንቋዎች አድማጭ ቁጥር እጅግ የሰፋው ነው።

ቪኦኤ-አማርኛ ስለ ኢትዮጵያ፣ ኤርትራ፣ አፍሪካ፣ ዩናይትድ ስቴትስ እና ዓለም አቀፍ በዲጂታል፣ በራዲዮና በቴሌቪዥን ዜናና ዘገባዎችን ለአድማጭና ለተመልካች ያቀርባል።

VOA Amharic reaches our audience on digital, radio, and TV, delivering news and content about Ethiopia, Eritrea, Africa and United States. We will also be bringing you Health Shows, Youth Shows, Democracy Field, Women’s Shows, Sports Shows on different days, stay tuned.

330 Independence Ave SW
Washington, D.C. 20237
+1 (202) 205-9942 Ext 14
",2010-09-28T01:03:45Z,https://yt3.ggpht.com/wTKp_vvFfHc12M7xYZO5yw9EGJKhw9mH2S5sr1FCVxcswRv8_cPNb-WB-1zi2tW8gZDxpxyK1Ek=s800-c-k-c0x00ffffff-no-rj,,UU5OePohJjdkd0Uwm3r1cThA,"['https://en.wikipedia.org/wiki/Television_program', 'https://en.wikipedia.org/wiki/Society', 'https://en.wikipedia.org/wiki/Entertainment']"
UCQwdCM4dBMgxPh0UZa8PIow,Wazema Radio,"“ዋዜማ ሬዲዮ” ለተሻለና ሚዛናዊ መረጃ ፍሰት የሚሰራ የሚዲያ ተቋም ነው።  ይከታተሉን!
ቴሌግራም ላይ wazema_radio
",2014-06-01T07:24:49Z,https://yt3.ggpht.com/GE9eLiQNoR_unsvxdFRfoIaWeT3WQyPqrxZJH14wio2eC43QA8E9My1o1VdBWnMdF2XB76-a=s800-c-k-c0x00ffffff-no-rj,US,UUQwdCM4dBMgxPh0UZa8PIow,['https://en.wikipedia.org/wiki/Society']
UCb3euYUGSY7REtF8NDsMLsA,Dawit Dreams,"Welcome to the official YouTube channel of Dawit Dreams.

Dawit Dreams is a life couch and Author of ""ትልቅ ሕልም አለኝ"" book. His book ""ትልቅ ሕልም አለኝ"" has been sold more than 80,000 copies and available in all book stores.

He has empowered more than 5 million Ethiopians throughout the world by face-to-face classes, Government office training programs, educational Podcast, educational videos, morning quotes and now with live events. For more than six years, thousands of people have enjoyed the warmth, humor, and transformational power of Dawit Dreams personal development class.
",2013-12-24T17:22:24Z,https://yt3.ggpht.com/ZTTOh5qKnsTdoEelA1hqWBoyfHdMFgDiEaXpxM-gbajGE4wE5m6zVwOgz-NNirsyYEtvqJYy_A=s800-c-k-c0x00ffffff-no-rj,GB,UUb3euYUGSY7REtF8NDsMLsA,"['https://en.wikipedia.org/wiki/Society', 'https://en.wikipedia.org/wiki/Religion', 'https://en.wikipedia.org/wiki/Entertainment']"
UCdQ-5b2xJiCWgxinWo4NX7w,Dejaf TV,Dejaf TV is an Ethiopian infotainment channel that aspires to entertain and enlighten.,2022-04-18T17:16:29.391321Z,https://yt3.ggpht.com/m2Wy9Itl9CS1Cb649kEqyoewJkbqbZB65sxGU0ptSLP2s9WM4rZRJ8XOXVEYVbmB9hVohylU=s800-c-k-c0x00ffffff-no-rj,KE,UUdQ-5b2xJiCWgxinWo4NX7w,"['https://en.wikipedia.org/wiki/Music', 'https://en.wikipedia.org/wiki/Humour', 'https://en.wikipedia.org/wiki/Religion', 'https://en.wikipedia.org/wiki/Entertainment']"
UCkOxp2i-ltA9jj0uSamcFWQ,Gugut Podcast,"Gugut is an entertainment/educational podcast which is focused on discussing different perspectives on philosophy and day-to-day lives of everyday people.


",2020-05-20T12:06:59.649189Z,https://yt3.ggpht.com/zNlnUA9mZ-j3Be25JaRncD4jIaMeluEIN-xKBZyjhDkNLGYws1Rg--56apQUXrHHBR6OnP5kChI=s800-c-k-c0x00ffffff-no-rj,US,UUkOxp2i-ltA9jj0uSamcFWQ,"['https://en.wikipedia.org/wiki/Knowledge', 'https://en.wikipedia.org/wiki/Society', 'https://en.wikipedia.org/wiki/Entertainment']"
UCzKNuQ80qNSpt2x-7dsazJg,MERI PODCAST,"Meri Podcast is an Ethiopian business podcast hosted by entrepreneurs Kenean and Tigabu featuring the greatest entrepreneurs and uncovering what made them successful.

Meri Podcast's vision is to build a strong and vibrant private sector in Ethiopia and beyond, through storytelling and content creation. We aspire to be the leading source of knowledge, inspiration, and education for entrepreneurs and executives, helping them to achieve their goals and transform the economy. We invite you to be part of the new movement.

",2015-02-28T17:46:35Z,https://yt3.ggpht.com/kN7CanHrXmqCy4N5XBKQWiBZoWYe36PStEiGP3Pvc_R2CkdT-MEYxXiG1NlcuIuxQptbYCVuVGE=s800-c-k-c0x00ffffff-no-rj,US,UUzKNuQ80qNSpt2x-7dsazJg,"['https://en.wikipedia.org/wiki/Society', 'https://en.wikipedia.org/wiki/Knowledge']"
UCqGE-jrAMzhipIWivRsaI5A,Donkey Tube,"Donkey Tube is a Media Company that mainly focuses on echoing a voice to the voiceless, donkey tube has been working hard in raising awareness in different sociological matters for the last 3 and more years. holding more than 40 employees in it's realm, this media company has been the reason for the change of so many lives throughout the country.

Comedian Eshetu Melese meticulously brought this company from the start with his colleagues. Comedian Eshetu is an Ethiopian based Standup Comedian, Entrepreneur and philanthropist who devoted his life in to making this world a better place. he created stages and made his own voice heard by so many people raising awareness by disguising it via humor and comedy.
",2017-05-12T09:49:44Z,https://yt3.ggpht.com/WN-YKsmNFhtMe1pP9IsZlsYb7Rlqe1i28iwDTjqQXleCDGAp-piF45Ob_zt6wEEi5wS7CX_ZsA=s800-c-k-c0x00ffffff-no-rj,US,UUqGE-jrAMzhipIWivRsaI5A,"['https://en.wikipedia.org/wiki/Film', 'https://en.wikipedia.org/wiki/Society', 'https://en.wikipedia.org/wiki/Religion', 'https://en.wikipedia.org/wiki/Entertainment']"
UCsNubCFfRG-jcQcWF9owGTw,Finote Godana,"Welcome to Finote Godana Media, your source for daily updates on Ethiopian news and media. We are committed to providing fresh content regularly to keep our audience informed and entertained.

ፍኖተ ጎዳና ሚድያ፣ በኢትዮጵያ የፖለቲካ፣ የኢኮኖሚና የዲፕሎማሲ ጉዳዮች ላይ ጥልቅ ትንታኔ የሚሰጥ የዩቱዩብ ቻናል ነው።
Follow us:-
Facebook:- https://www.facebook.com/profile.php?id=100081396876456

Ethiopia | Ethiopian News | Abiy Ahmed  | TPLF| Debretsion Gebremichael | Zehabesha News | Ethio Forum | Andafta | Seyoum Teshome | Eritrea News | Ethio Forum | Abel Birhanu | Seifu on EBS | Getachew Reda | Ethio 360 | Esat News | ሰበር ዜና | መረጃ | አብይ አህመድ | ህወሃት | Joe Binden | Trump | Isaias Afewerki Junta | Dishta Gina | Zehabesha | Abel Birhanu | Getachew Reda | TPLF | Amhara | Ethio Forum | Ethio FM | ሰብስክራይብ አርጉ | Kana Television | Nahoo TV | Kana TV | Kana rama | Kana Television | EBS TV WorldWide | JTV Ethiopia | LTV Ethiopia | ENN Television | New Ethiopian music | New Ethiopian Movie | Hope Music Ethiopian EthioTimes | JTV Min Addis
",2024-03-15T14:28:27.042395Z,https://yt3.ggpht.com/HMe9Q1p1uaP0GopGkqEjDv5TPHAK5rf8HndV1DdsCzEYiATS2NLmWR-2pfx6R_v80XIkrH6L9w=s800-c-k-c0x00ffffff-no-rj,US,UUsNubCFfRG-jcQcWF9owGTw,"['https://en.wikipedia.org/wiki/Religion', 'https://en.wikipedia.org/wiki/Society']"
UCnLwoa0AWoSgbb-7dM_j0OQ,Ghion TV Multimedia,"Ghion Satalite Television (GTV) is a private media which is established in 2024 by the renowned journalist Minalachew Simachew who has a 20 years of proven experiance in brodcast media.. GTV advocates for the survival of the Amhara people by refuting the false narrative that was preached against Amhara by different anti Ethiopia forces for decades. Ghion Television is a well-founded and authentic media platform through satellite television and short-wave radio stations. All or some of the programs streamed on Ghion Television outlets will also be shared on different social media platforms such as YouTube, Facebook, tweeter, tikt0k ,rumble etc.",2020-08-02T16:38:04.005446Z,https://yt3.ggpht.com/QV7f6ZBcoolq_6p__8ukKhovAmoQBRXeKaw6nvSmuKMA0qbmCDkxTJk-hToFir26Tvqe9n4JLBs=s800-c-k-c0x00ffffff-no-rj,US,UUnLwoa0AWoSgbb-7dM_j0OQ,['https://en.wikipedia.org/wiki/Society']
UCR9FW-7YPXYQE4U6UkuXM4A,TELES NEWS -ጠለስ ኒውስ,"ጠለስ ኒውስ ጠቃሚ ምልከታዎችን፥ ሐሳቦችን እና መረጃዎችን የሚያደርስ እንዲሁም ለድምጽ አልባዎች ድምጽ የሚለግስ ሚዲያ መሆኑን አውቃችሁ ሰብስክራይብ እንድታደርጉና ቤተሰብ እንድትሆኑን በአክብሮት እንጠይቃለን፡፡
",2013-01-29T07:13:11Z,https://yt3.ggpht.com/3FBfj5DB51O2ocUtRBg2novLh4jEyJX-pOvqALi_BklJOJMvKSrRntvb5wsofJNLiP7fYNT2_pA=s800-c-k-c0x00ffffff-no-rj,US,UUR9FW-7YPXYQE4U6UkuXM4A,['https://en.wikipedia.org/wiki/Society']
UCZgV1BFnyDJ2g5MuU6Crn1A,Yeha Media - የሓ ሚዲያ,38cb82dbff97ed5d7f7e,2023-10-16T05:58:25.421294Z,https://yt3.ggpht.com/cGJAwV8H8zK0JYKiRQX1hzUpbMcVOG9gmaxz9O3OYu_CmmCrQAuKZI_Wqc5eDQWBJ5JNvH11yg=s800-c-k-c0x00ffffff-no-rj,US,UUZgV1BFnyDJ2g5MuU6Crn1A,"['https://en.wikipedia.org/wiki/Society', 'https://en.wikipedia.org/wiki/Music_of_Asia', 'https://en.wikipedia.org/wiki/Lifestyle_(sociology)', 'https://en.wikipedia.org/wiki/Music']"
